{"results": [{"result": {"observed_value": 7}, "meta": {}, "expectation_config": {"expectation_type": "expect_table_column_count_to_equal", "meta": {}, "kwargs": {"value": 7, "result_format": {"result_format": "SUMMARY", "partial_unexpected_count": 20}}}, "exception_info": {"raised_exception": false, "exception_message": null, "exception_traceback": null}, "success": true}, {"result": {"observed_value": ["user_id", "timestamp", "device_id", "device_ip_addr", "bytes_sent", "bytes_received", "src_name"]}, "meta": {}, "expectation_config": {"expectation_type": "expect_table_columns_to_match_ordered_list", "meta": {}, "kwargs": {"column_list": ["user_id", "timestamp", "device_id", "device_ip_addr", "bytes_sent", "bytes_received", "src_name"], "result_format": {"result_format": "SUMMARY", "partial_unexpected_count": 20}}}, "exception_info": {"raised_exception": false, "exception_message": null, "exception_traceback": null}, "success": true}, {"result": {"observed_value": 0.0, "element_count": 1133, "missing_count": null, "missing_percent": null, "details": {"observed_partition": {"bins": [10010.0, 10120.90909090909, 10231.818181818182, 10342.727272727272, 10453.636363636364, 10564.545454545454, 10675.454545454546, 10786.363636363636, 10897.272727272728, 11008.181818181818, 11119.090909090908, 11230.0], "weights": [0.1059135039717564, 0.09090909090909091, 0.08561341571050309, 0.09090909090909091, 0.09355692850838482, 0.09267431597528684, 0.09796999117387467, 0.07590467784642542, 0.07325684024713151, 0.09620476610767872, 0.0970873786407767], "tail_weights": [0.0, 0.0]}, "expected_partition": {"bins": [10010.0, 10120.90909090909, 10231.818181818182, 10342.727272727272, 10453.636363636364, 10564.545454545454, 10675.454545454546, 10786.363636363636, 10897.272727272728, 11008.181818181818, 11119.090909090908, 11230.0], "weights": [0.1059135039717564, 0.09090909090909091, 0.08561341571050309, 0.09090909090909091, 0.09355692850838482, 0.09267431597528684, 0.09796999117387467, 0.07590467784642542, 0.07325684024713151, 0.09620476610767872, 0.0970873786407767], "tail_weights": [0.0, 0.0]}}}, "meta": {}, "expectation_config": {"expectation_type": "expect_column_kl_divergence_to_be_less_than", "meta": {}, "kwargs": {"column": "user_id", "threshold": 0.01, "result_format": {"result_format": "SUMMARY", "partial_unexpected_count": 20}}}, "exception_info": {"raised_exception": false, "exception_message": null, "exception_traceback": null}, "success": true}, {"result": {"element_count": 1133, "missing_count": 0, "missing_percent": 0.0, "unexpected_count": 0, "unexpected_percent": 0.0, "unexpected_percent_total": 0.0, "unexpected_percent_nonmissing": 0.0, "partial_unexpected_list": [], "partial_unexpected_index_list": null, "partial_unexpected_counts": []}, "meta": {}, "expectation_config": {"expectation_type": "expect_column_values_to_match_regex", "meta": {}, "kwargs": {"column": "device_id", "regex": "^(d)[\\d]{3}", "result_format": {"result_format": "SUMMARY", "partial_unexpected_count": 20}}}, "exception_info": {"raised_exception": false, "exception_message": null, "exception_traceback": null}, "success": true}, {"result": {"element_count": 1133, "missing_count": 0, "missing_percent": 0.0, "unexpected_count": 0, "unexpected_percent": 0.0, "unexpected_percent_total": 0.0, "unexpected_percent_nonmissing": 0.0, "partial_unexpected_list": [], "partial_unexpected_index_list": null, "partial_unexpected_counts": []}, "meta": {}, "expectation_config": {"expectation_type": "expect_column_values_to_match_regex", "meta": {}, "kwargs": {"column": "device_ip_addr", "regex": "((?:(?:25[0-5]|2[0-4]\\d|((1\\d{2})|([1-9]?\\d)))\\.){3}(?:25[0-5]|2[0-4]\\d|((1\\d{2})|([1-9]?\\d))))", "result_format": {"result_format": "SUMMARY", "partial_unexpected_count": 20}}}, "exception_info": {"raised_exception": false, "exception_message": null, "exception_traceback": null}, "success": true}, {"result": {"observed_value": 56, "element_count": 1133, "missing_count": null, "missing_percent": null}, "meta": {}, "expectation_config": {"expectation_type": "expect_column_min_to_be_between", "meta": {}, "kwargs": {"column": "bytes_sent", "max_value": 10000, "min_value": 0, "result_format": {"result_format": "SUMMARY", "partial_unexpected_count": 20}}}, "exception_info": {"raised_exception": false, "exception_message": null, "exception_traceback": null}, "success": true}, {"result": {"observed_value": 49932, "element_count": 1133, "missing_count": null, "missing_percent": null}, "meta": {}, "expectation_config": {"expectation_type": "expect_column_max_to_be_between", "meta": {}, "kwargs": {"column": "bytes_received", "max_value": 50000, "min_value": 0, "result_format": {"result_format": "SUMMARY", "partial_unexpected_count": 20}}}, "exception_info": {"raised_exception": false, "exception_message": null, "exception_traceback": null}, "success": true}, {"result": {"observed_value": ["stg_traffic"], "element_count": 1133, "missing_count": null, "missing_percent": null, "details": {"value_counts": [{"value": "stg_traffic", "count": 1133}]}}, "meta": {}, "expectation_config": {"expectation_type": "expect_column_distinct_values_to_be_in_set", "meta": {}, "kwargs": {"column": "src_name", "value_set": ["stg_traffic"], "result_format": {"result_format": "SUMMARY", "partial_unexpected_count": 20}}}, "exception_info": {"raised_exception": false, "exception_message": null, "exception_traceback": null}, "success": true}], "evaluation_parameters": {}, "meta": {"great_expectations_version": "0.13.14", "expectation_suite_name": "adubinsky.ods_traffic.warning", "run_id": {"run_time": "2021-04-27T19:25:35.176221+00:00", "run_name": "20210427T192535.176221Z"}, "batch_kwargs": {"data_asset_name": "adubinsky.ods_traffic", "datasource": "gp", "schema": "adubinsky", "table": "ods_traffic"}, "batch_markers": {"ge_load_time": "20210427T192533.991484Z"}, "batch_parameters": null, "validation_time": "20210427T192535.191097Z"}, "statistics": {"evaluated_expectations": 8, "successful_expectations": 8, "unsuccessful_expectations": 0, "success_percent": 100.0}, "success": true}